config,recall@5,mrr,p95_latency_ms
bm25,0.85,0.6875,2.4307379040692494
dense,1.0,0.8291666666666668,17.177087500385827
hybrid_a0.25,0.9,0.7516666666666667,25.631504598641186
hybrid_a0.50,1.0,0.7933333333333333,25.827162301357024
hybrid_a0.75,1.0,0.8083333333333332,33.87778500036802
