config,recall@5,mrr,p95_latency_ms
bm25,0.5,0.335,2.4094224000350604
dense,0.7,0.5058333333333332,29.718628049874958
hybrid,0.7,0.47000000000000003,31.26371854993977
